site_id,auxiliary_record_count,first_anonymous_time,last_anonymous_time
SITE_001,719,2003-09-26T00:00:00.000000Z,2014-10-10T00:01:00.000000Z
SITE_002,270,2009-08-29T00:00:00.000000Z,2014-01-17T00:00:00.000000Z
SITE_003,523,2004-05-06T00:00:00.000000Z,2010-03-24T00:00:00.000000Z
SITE_004,197,2005-03-16T00:00:00.000000Z,2013-09-30T00:01:00.000000Z
SITE_005,296,2008-08-18T00:00:00.000000Z,2019-01-10T23:59:00.000000Z
SITE_006,225,2004-04-15T00:00:00.000000Z,2012-05-03T00:00:00.000000Z
SITE_007,121,2009-12-23T00:00:00.000000Z,2014-08-04T23:59:00.000000Z
SITE_008,338,2008-02-16T00:00:00.000000Z,2017-11-07T00:01:00.000000Z
SITE_009,128,2006-09-07T00:00:00.000000Z,2008-08-03T00:00:00.000000Z
SITE_010,255,2001-10-12T00:00:00.000000Z,2011-12-13T23:52:00.000000Z
SITE_011,467,2009-11-04T00:00:00.000000Z,2015-11-21T00:00:00.000000Z
SITE_012,136,2005-05-30T00:00:00.000000Z,2007-04-02T00:00:00.000000Z
